{
  "sum": 754232,
  "avr": 550.936449963477,
  "sumMD": 15503,
  "avrMD": 419.0,
  "sumSD": 20079,
  "avrSD": 542.6756756756756,
  "max": 998,
  "min": 101
}