{"numeric_stats": {"Survived": {"count": 891.0, "mean": 0.3838383838383838, "std": 0.4865924542648575, "min": 0.0, "25%": 0.0, "50%": 0.0, "75%": 1.0, "max": 1.0}, "Pclass": {"count": 891.0, "mean": 2.308641975308642, "std": 0.836071240977049, "min": 1.0, "25%": 2.0, "50%": 3.0, "75%": 3.0, "max": 3.0}, "Age": {"count": 891.0, "mean": 23.79929292929293, "std": 17.596074065915875, "min": 0.0, "25%": 6.0, "50%": 24.0, "75%": 35.0, "max": 80.0}, "SibSp": {"count": 891.0, "mean": 0.5230078563411896, "std": 1.1027434322934317, "min": 0.0, "25%": 0.0, "50%": 0.0, "75%": 1.0, "max": 8.0}, "Parch": {"count": 891.0, "mean": 0.38159371492704824, "std": 0.8060572211299483, "min": 0.0, "25%": 0.0, "50%": 0.0, "75%": 0.0, "max": 6.0}, "Fare": {"count": 891.0, "mean": 32.204207968574636, "std": 49.6934285971809, "min": 0.0, "25%": 7.9104, "50%": 14.4542, "75%": 31.0, "max": 512.3292}}, "text_frequency": {"male": 577, "female": 314}}